"Adjustment","Our_Standard_Median","Our_Logarithmic_Median","Sturman_Target","Standard_Gap","Logarithmic_Gap","Replication_Status"
"Economic Variables",58.0203627922241,86.5216573333116,64,5.97963720777591,22.5216573333116,"Excellent"
"Multiple Devices",51.0597950557941,60.4317868037868,53,1.94020494420587,7.43178680378684,"Excellent"
"Top-Down Hiring",36.2678127124265,43.7965132285813,23,13.2678127124265,20.7965132285813,"Moderate"
"Probationary Period",16.4903315353543,17.9812977358473,22,5.50966846464568,4.01870226415267,"Excellent"
"Employee Flows",10.1603818870893,10.669277706664,1,9.16038188708929,9.66927770666405,"Good"
"ALL COMBINED",92.6775690816604,225.255474724544,291,198.32243091834,65.744525275456,"Mystery Unresolved"
