"Adjustment","Mean_Utility","Median_Utility","Std_Effect_Median","Log_Effect_Median","Percent_Negative"
"Basic (No Adjustments)",7878606.18639304,797774.01649722,0,0,0.44
"Economic Variables",3218840.48729831,326198.28757718,58.0203627922241,86.5216573333116,1.42
"Multiple Devices",3824449.31511602,189116.428330033,51.0597950557941,60.4317868037868,19.15
"Top-Down Hiring",5304655.56739168,453098.605876257,36.2678127124265,43.7965132285813,5.16
"Probationary Period",6596000.26776061,663987.87593889,16.4903315353543,17.9812977358473,0.57
"Employee Flows",7105706.99123402,713745.054443052,10.1603818870893,10.669277706664,0.66
"All Combined",725751.276408531,22699.2961953194,92.6775690816604,225.255474724544,29.19
